n_estimators,max_depth,random_state,RMSE,MAE
30,5,20,1.0948837892882068,0.8582780975638118
30,None,20,1.0958435179682435,0.8547619047619046
30,10,20,1.0958435179682435,0.8547619047619046
30,20,20,1.0958435179682435,0.8547619047619046
80,None,4,1.105056357644907,0.8812499999999999
80,10,4,1.105056357644907,0.8812499999999999
80,20,4,1.105056357644907,0.8812499999999999
40,None,4,1.105344161013082,0.8892857142857143
40,10,4,1.105344161013082,0.8892857142857143
40,20,4,1.105344161013082,0.8892857142857143
30,4,20,1.106132016945285,0.8861864746054717
20,5,20,1.1069031527908115,0.8695600034885748
20,None,20,1.1126705326760993,0.8678571428571428
20,10,20,1.1126705326760993,0.8678571428571428
20,20,20,1.1126705326760993,0.8678571428571428
30,None,4,1.1211530345961371,0.9047619047619049
30,10,4,1.1211530345961371,0.9047619047619049
30,20,4,1.1211530345961371,0.9047619047619049
40,5,20,1.1222418628909994,0.8808357317285888
40,5,4,1.1246978861363204,0.9041380076717206
70,None,4,1.1249878522181844,0.8877551020408163
70,10,4,1.1249878522181844,0.8877551020408163
70,20,4,1.1249878522181844,0.8877551020408163
50,None,4,1.1278171077667816,0.8985714285714286
50,10,4,1.1278171077667816,0.8985714285714286
50,20,4,1.1278171077667816,0.8985714285714286
20,4,20,1.1278925412205396,0.9150854091871187
70,5,50,1.1279002327009304,0.87302036021782
80,5,50,1.1297381641190862,0.8797261485239257
40,5,50,1.1329215814606608,0.8649200809356
60,None,10,1.1337359228926032,0.8714285714285716
60,10,10,1.1337359228926032,0.8714285714285716
60,20,10,1.1337359228926032,0.8714285714285716
30,None,10,1.1337534235435964,0.8571428571428573
30,10,10,1.1337534235435964,0.8571428571428573
30,20,10,1.1337534235435964,0.8571428571428573
80,5,4,1.135299579888882,0.9045117647045754
20,2,10,1.1357809684176872,1.0116588637719766
90,None,4,1.1360494996295125,0.8992063492063492
90,10,4,1.1360494996295125,0.8992063492063492
90,20,4,1.1360494996295125,0.8992063492063492
30,5,4,1.1360891893721339,0.914184704184704
70,None,50,1.1377885050464094,0.8785714285714288
70,10,50,1.1377885050464094,0.8785714285714288
70,20,50,1.1377885050464094,0.8785714285714288
40,None,50,1.137804119471236,0.8696428571428569
40,10,50,1.137804119471236,0.8696428571428569
40,20,50,1.137804119471236,0.8696428571428569
100,5,50,1.1383750270161597,0.8983598538414255
70,None,10,1.1391457594287437,0.8989795918367347
70,10,10,1.1391457594287437,0.8989795918367347
70,20,10,1.1391457594287437,0.8989795918367347
40,None,20,1.1395487828835713,0.8857142857142858
40,10,20,1.1395487828835713,0.8857142857142858
40,20,20,1.1395487828835713,0.8857142857142858
90,5,50,1.1398409119295567,0.8929085039033536
80,None,50,1.139994321727713,0.8866071428571429
80,10,50,1.139994321727713,0.8866071428571429
80,20,50,1.139994321727713,0.8866071428571429
10,4,5,1.1400214727509888,0.9345833333333331
100,None,50,1.140494880053642,0.8985714285714285
100,10,50,1.140494880053642,0.8985714285714285
100,20,50,1.140494880053642,0.8985714285714285
60,None,4,1.1410973554448256,0.9047619047619049
60,10,4,1.1410973554448256,0.9047619047619049
60,20,4,1.1410973554448256,0.9047619047619049
100,None,4,1.1419876156446331,0.9007142857142857
100,10,4,1.1419876156446331,0.9007142857142857
100,20,4,1.1419876156446331,0.9007142857142857
20,5,50,1.1434096880777764,0.8783013205282114
40,3,4,1.144231649542416,0.9976416978253234
60,5,50,1.1444791363130857,0.891971197080983
50,None,10,1.144889264763815,0.8814285714285716
50,10,10,1.144889264763815,0.8814285714285716
50,20,10,1.144889264763815,0.8814285714285716
40,3,50,1.1451888748505425,0.9441208878495535
30,4,50,1.146470674011743,0.8993592564412997
90,None,50,1.1469613254974855,0.8968253968253969
90,10,50,1.1469613254974855,0.8968253968253969
90,20,50,1.1469613254974855,0.8968253968253969
40,4,50,1.147110313692867,0.8969033932797758
70,5,4,1.1483906001448159,0.9061467463160814
30,5,50,1.1487151499455823,0.8775465024719563
50,5,50,1.1489245185178982,0.9008136157688883
50,5,30,1.1490766310100826,0.926755785220071
20,None,10,1.1496117356991198,0.8392857142857143
20,10,10,1.1496117356991198,0.8392857142857143
20,20,10,1.1496117356991198,0.8392857142857143
40,None,10,1.1506985456048613,0.8785714285714287
40,10,10,1.1506985456048613,0.8785714285714287
40,20,10,1.1506985456048613,0.8785714285714287
60,None,50,1.151327735944703,0.8976190476190476
60,10,50,1.151327735944703,0.8976190476190476
60,20,50,1.151327735944703,0.8976190476190476
50,5,4,1.15153405035636,0.9160765332778877
60,None,30,1.1520857551856056,0.9214285714285715
60,10,30,1.1520857551856056,0.9214285714285715
60,20,30,1.1520857551856056,0.9214285714285715
70,4,50,1.1525457272874837,0.9119506690176378
60,4,50,1.152560073522019,0.920259765781349
50,None,50,1.152797838800393,0.9042857142857141
50,10,50,1.152797838800393,0.9042857142857141
50,20,50,1.152797838800393,0.9042857142857141
10,2,10,1.153095712178798,0.9883220107564404
30,3,10,1.153147992750858,0.9603168971889827
80,4,50,1.1552959255871609,0.9194167631115218
80,4,4,1.1555066417272628,0.9448268302077624
40,4,4,1.1555578649163165,0.9541687584690189
50,None,30,1.1558052233338083,0.9314285714285716
50,10,30,1.1558052233338083,0.9314285714285716
50,20,30,1.1558052233338083,0.9314285714285716
100,4,50,1.1575349202398144,0.9298606465118315
90,5,4,1.1578814688226438,0.9177292783768565
70,5,10,1.158452317903311,0.9285812328873261
10,3,50,1.1587650562353837,0.9330641382427095
80,None,10,1.1587882371561373,0.9142857142857144
80,10,10,1.1587882371561373,0.9142857142857144
80,20,10,1.1587882371561373,0.9142857142857144
80,None,20,1.1589519588219104,0.9285714285714287
80,10,20,1.1589519588219104,0.9285714285714287
80,20,20,1.1589519588219104,0.9285714285714287
80,5,20,1.1590683363107042,0.9309703267962198
60,5,30,1.1595142778654222,0.9321179162548212
30,None,50,1.1597071332541828,0.8857142857142858
30,10,50,1.1597071332541828,0.8857142857142858
30,20,50,1.1597071332541828,0.8857142857142858
60,5,10,1.1597356723217336,0.9084034328474982
90,4,50,1.1600900029139134,0.927106074278026
50,4,50,1.1602084142190807,0.9313096977556313
30,3,4,1.1615351634883706,1.00868387423842
100,5,4,1.1622532920422632,0.918507370947334
70,3,50,1.162384321651439,0.9721677043984507
20,3,4,1.1625002851779354,1.0121230941520296
20,4,10,1.1639743314445812,0.9190302146828505
60,5,4,1.1644562485561922,0.9228358865751105
90,None,10,1.1653545153233327,0.9198412698412698
90,10,10,1.1653545153233327,0.9198412698412698
90,20,10,1.1653545153233327,0.9198412698412698
100,3,50,1.165661021283936,0.9895862093285144
20,None,50,1.1661138145873362,0.9035714285714285
20,10,50,1.1661138145873362,0.9035714285714285
20,20,50,1.1661138145873362,0.9035714285714285
30,4,4,1.1661142798859543,0.9575517492164748
10,3,5,1.1666866243378375,1.0018800756979909
70,4,10,1.167417464815268,0.9694938155822366
30,4,10,1.1683336018095813,0.9512599788222623
90,3,50,1.168782281703638,0.986541637686201
70,None,30,1.1687937017289092,0.9214285714285714
70,10,30,1.1687937017289092,0.9214285714285714
70,20,30,1.1687937017289092,0.9214285714285714
80,3,50,1.1698387241426809,0.9847700511349414
40,4,20,1.1704899660876413,0.9348709467878732
30,5,10,1.1707688028220782,0.8948276990283295
80,3,4,1.1708617624386104,1.0001126009502659
30,3,50,1.1715551373061301,0.9673435279103205
80,4,10,1.1731261767438805,0.9697054472203158
60,3,50,1.1732578298889442,0.9816816513318071
50,5,10,1.1736514942934155,0.9243698337027119
30,5,30,1.1745273757976444,0.9539074703955658
20,5,10,1.1745923121799577,0.8758527930402928
60,4,10,1.1746460961119742,0.9587865955326108
200,None,50,1.1748510543894488,0.93
200,10,50,1.1748510543894488,0.93
200,20,50,1.1748510543894488,0.93
90,4,10,1.1751915974854508,0.9674358338667408
80,5,10,1.1752860165419308,0.9401871502049818
70,5,30,1.1754953397825716,0.9334924268852843
50,4,4,1.175673498547818,0.9622499727616096
200,5,50,1.1761265181077623,0.9346880082599646
200,None,4,1.1770521593006342,0.9175000000000002
200,10,4,1.1770521593006342,0.9175000000000002
200,20,4,1.1770521593006342,0.9175000000000002
30,2,10,1.177228602411159,1.0663784162667853
200,5,4,1.1777727750512317,0.9213232300070678
50,3,50,1.1779364339940612,0.9878770986684204
100,None,10,1.1784978332000204,0.9357142857142858
100,10,10,1.1784978332000204,0.9357142857142858
100,20,10,1.1784978332000204,0.9357142857142858
90,5,10,1.1788340277042777,0.9418881806117602
100,4,4,1.1788623839226697,0.9503434711450429
10,5,50,1.1789480217394745,0.8668067226890758
70,4,4,1.1790949572376765,0.9579866416309079
90,None,20,1.1791022801050184,0.946031746031746
90,10,20,1.1791022801050184,0.946031746031746
90,20,20,1.1791022801050184,0.946031746031746
80,5,30,1.1798498928514125,0.9320825175155535
90,5,20,1.1800198956459045,0.9488569697498271
100,5,42,1.181068159231526,0.9430690251527963
50,5,20,1.1819259391631778,0.9334181691324547
30,None,30,1.182007976767863,0.9619047619047619
30,10,30,1.182007976767863,0.9619047619047619
30,20,30,1.182007976767863,0.9619047619047619
50,3,30,1.1820109761809083,1.023768919085661
80,4,20,1.1824331458783173,0.9657427349470219
80,None,30,1.182602683551351,0.9249999999999999
80,10,30,1.182602683551351,0.9249999999999999
80,20,30,1.182602683551351,0.9249999999999999
200,4,4,1.1830277531098443,0.9487868284218666
60,5,20,1.1830679977715561,0.9439893472929185
90,4,4,1.1832258980672712,0.9600421472008984
20,4,4,1.1832555549478239,0.9759775425184097
50,4,30,1.1838650527862566,0.9647738088819641
50,3,10,1.183977114118269,1.0080927457314441
20,4,50,1.1843072204649006,0.9312381327822502
100,4,10,1.1847735587681096,0.977299591749908
90,5,42,1.1848725012880732,0.9439920385295618
10,None,50,1.1850256175651708,0.8857142857142858
10,10,50,1.1850256175651708,0.8857142857142858
10,20,50,1.1850256175651708,0.8857142857142858
50,4,10,1.1859781443962385,0.98009549010803
549,5,42,1.186294653000306,0.9383098019921999
40,5,10,1.1865408399073925,0.9259980064141039
70,3,4,1.1869187793217526,1.020599813327331
100,None,42,1.1869829701510344,0.9400000000000001
100,10,42,1.1869829701510344,0.9400000000000001
100,20,42,1.1869829701510344,0.9400000000000001
50,3,4,1.187320263530584,1.023988987071896
30,3,30,1.187583533381221,1.0304497451286896
60,4,30,1.187852087440376,0.961713511793137
40,4,10,1.18810643350295,0.9766315371469999
60,3,10,1.1886937290666457,1.0033290731279318
40,3,10,1.1892607644833786,1.0123703063278866
30,3,2,1.1893162898305525,0.9942992642027241
549,None,42,1.1893896094743939,0.9345563361956805
549,10,42,1.1893896094743939,0.9345563361956805
549,20,42,1.1893896094743939,0.9345563361956805
30,4,2,1.1893937230983298,0.9305755962769374
90,5,30,1.1894090469883425,0.9443604603803019
90,None,30,1.1894228143907861,0.9349206349206349
90,10,30,1.1894228143907861,0.9349206349206349
90,20,30,1.1894228143907861,0.9349206349206349
200,4,3,1.189712629795968,0.9729457314125954
60,3,30,1.1898114064721133,1.0163476229806225
20,3,10,1.1907799250527626,0.9603016329416941
20,4,2,1.1915915530488619,0.9256252247301945
60,None,20,1.191995459136978,0.9511904761904761
60,10,20,1.191995459136978,0.9511904761904761
60,20,20,1.191995459136978,0.9511904761904761
40,None,30,1.1921244541933171,0.9642857142857143
40,10,30,1.1921244541933171,0.9642857142857143
40,20,30,1.1921244541933171,0.9642857142857143
100,5,10,1.1924971329986336,0.9588292326804543
90,None,42,1.192673105172775,0.9412698412698414
90,10,42,1.192673105172775,0.9412698412698414
90,20,42,1.192673105172775,0.9412698412698414
70,5,20,1.1929285342386868,0.9589733763968459
549,5,2,1.1931369971543317,0.9576681786611754
100,3,4,1.1933321632224185,1.0127095158468618
20,None,4,1.193584038575775,0.9857142857142858
20,10,4,1.193584038575775,0.9857142857142858
20,20,4,1.193584038575775,0.9857142857142858
70,None,20,1.1950212557729973,0.9571428571428571
70,10,20,1.1950212557729973,0.9571428571428571
70,20,20,1.1950212557729973,0.9571428571428571
50,None,20,1.195121033918442,0.9271428571428573
50,10,20,1.195121033918442,0.9271428571428573
50,20,20,1.195121033918442,0.9271428571428573
90,3,4,1.1951963057878312,1.0148054934104809
549,4,42,1.1953563654286896,0.9671248352271908
200,None,40,1.1955953388524538,0.9553571428571429
200,10,40,1.1955953388524538,0.9553571428571429
200,20,40,1.1955953388524538,0.9553571428571429
549,None,10,1.1960064022961965,0.9401509237574811
549,10,10,1.1960064022961965,0.9401509237574811
549,20,10,1.1960064022961965,0.9401509237574811
549,None,2,1.1965258384326214,0.9526411657559198
549,10,2,1.1965258384326214,0.9526411657559198
549,20,2,1.1965258384326214,0.9526411657559198
10,1,4,1.1967056864838255,1.1109973640863031
200,4,50,1.1972573755219649,0.9673800750274412
1000,None,3,1.197492737824684,0.946
1000,10,3,1.197492737824684,0.946
1000,20,3,1.197492737824684,0.946
40,5,30,1.197518076233284,0.9678115551776268
90,3,10,1.1979519642284682,1.0222963425482292
70,3,10,1.1979551613079138,1.0226210243682934
40,None,40,1.1980266512656792,0.9642857142857143
40,10,40,1.1980266512656792,0.9642857142857143
40,20,40,1.1980266512656792,0.9642857142857143
100,3,10,1.1982115174595724,1.0231674644359139
20,3,2,1.1982765401037017,0.9879406500700344
200,5,3,1.1987556475067878,0.9577887879825953
549,None,4,1.1996371394410295,0.941712204007286
549,10,4,1.1996371394410295,0.941712204007286
549,20,4,1.1996371394410295,0.941712204007286
10,4,20,1.200032284269357,0.8901878508282449
100,None,30,1.2002469983894386,0.9392857142857144
100,10,30,1.2002469983894386,0.9392857142857144
100,20,30,1.2002469983894386,0.9392857142857144
100,5,30,1.2002825503192582,0.9483938020973737
100,None,20,1.2004017184735638,0.9578571428571429
100,10,20,1.2004017184735638,0.9578571428571429
100,20,20,1.2004017184735638,0.9578571428571429
90,4,20,1.200489960388136,0.9794900365991613
1000,5,3,1.2005037815650437,0.952453302474808
549,5,10,1.2006024980026004,0.9504005967623164
200,5,40,1.2007037845279849,0.9696657084011557
60,4,4,1.2015531192397737,0.9787921793673527
30,3,20,1.2022019052119446,1.007327659108741
549,None,3,1.202326240228747,0.9506895654436638
549,10,3,1.202326240228747,0.9506895654436638
549,20,3,1.202326240228747,0.9506895654436638
200,None,20,1.2031305890408217,0.9567857142857142
200,10,20,1.2031305890408217,0.9567857142857142
200,20,20,1.2031305890408217,0.9567857142857142
549,5,3,1.203161376365372,0.9559610018456616
70,4,30,1.2033468749884495,0.966651164106853
100,4,20,1.203835468928488,0.9810753428753409
10,4,50,1.2038480438095043,0.9160385366267718
1000,None,10,1.2038868895611177,0.9497857142857143
1000,10,10,1.2038868895611177,0.9497857142857143
1000,20,10,1.2038868895611177,0.9497857142857143
549,5,4,1.204063434795857,0.9476877658334179
40,3,2,1.204576942251276,1.0066537592704299
20,3,50,1.2048471096960027,0.9977428684760622
200,5,20,1.2060516988557892,0.9661115458957209
549,4,3,1.206111476539949,0.9796959764066254
70,None,2,1.2061673391970835,0.9448979591836734
70,10,2,1.2061673391970835,0.9448979591836734
70,20,2,1.2061673391970835,0.9448979591836734
10,None,30,1.206529852806919,0.9571428571428573
10,10,30,1.206529852806919,0.9571428571428573
10,20,30,1.206529852806919,0.9571428571428573
80,5,42,1.2066402759140307,0.9448035433457572
200,None,3,1.2067370408313012,0.9578571428571429
200,10,3,1.2067370408313012,0.9578571428571429
200,20,3,1.2067370408313012,0.9578571428571429
100,5,20,1.2070481363535719,0.9663429658965376
1000,None,20,1.2071053924870971,0.9558571428571428
1000,10,20,1.2071053924870971,0.9558571428571428
1000,20,20,1.2071053924870971,0.9558571428571428
80,4,30,1.2080836559806694,0.9677211850261626
1000,4,3,1.2080879268417033,0.9788142611746234
20,1,4,1.2081896437656234,1.1354295741732807
200,3,50,1.2085256022016428,1.0296050569940987
1000,5,10,1.2087192793813346,0.9585670854739039
40,4,40,1.2087498217305601,0.9925916007218961
1000,5,20,1.2090778690917443,0.9623244754181199
549,4,10,1.2092387866104115,0.9739198390516918
90,4,42,1.210637757473307,0.9839020588106597
1000,None,5,1.2106761098068892,0.9552142857142856
1000,10,5,1.2106761098068892,0.9552142857142856
1000,20,5,1.2106761098068892,0.9552142857142856
1000,None,4,1.2107708878467236,0.9471428571428573
1000,10,4,1.2107708878467236,0.9471428571428573
1000,20,4,1.2107708878467236,0.9471428571428573
1000,5,4,1.210791368679585,0.9506277186722701
80,3,10,1.2111823023702535,1.0339849647765607
200,4,10,1.2114035804809358,0.9826682568540518
1000,None,50,1.2114110131813822,0.9510714285714287
1000,10,50,1.2114110131813822,0.9510714285714287
1000,20,50,1.2114110131813822,0.9510714285714287
40,3,30,1.211786758790243,1.0441223150756234
70,4,20,1.2121099097928536,0.987822644113138
80,None,42,1.2123803328281813,0.9392857142857143
80,10,42,1.2123803328281813,0.9392857142857143
80,20,42,1.2123803328281813,0.9392857142857143
1000,5,5,1.2124853826033968,0.9605135137370561
200,None,10,1.2124959499195982,0.9457142857142856
200,10,10,1.2124959499195982,0.9457142857142856
200,20,10,1.2124959499195982,0.9457142857142856
90,None,2,1.2126646509054164,0.9626984126984127
90,10,2,1.2126646509054164,0.9626984126984127
90,20,2,1.2126646509054164,0.9626984126984127
200,5,30,1.212735848732871,0.953805576713427
549,None,20,1.2130250826617235,0.9622690606297163
549,10,20,1.2130250826617235,0.9622690606297163
549,20,20,1.2130250826617235,0.9622690606297163
549,4,2,1.2131099095653457,0.9906927494044878
100,4,42,1.2131777537401256,0.9912232320266872
200,4,20,1.2134145411036115,0.9914593955188463
1000,5,42,1.2137955017546411,0.9669769053875401
1000,4,5,1.21403890287713,0.9807540383622616
200,None,30,1.214112697757973,0.9496428571428572
200,10,30,1.214112697757973,0.9496428571428572
200,20,30,1.214112697757973,0.9496428571428572
200,4,40,1.2146981689756688,1.0015511974821332
1000,None,30,1.214948529186084,0.9582142857142857
1000,10,30,1.214948529186084,0.9582142857142857
1000,20,30,1.214948529186084,0.9582142857142857
50,4,20,1.2151616458287178,0.9793834354598313
1000,None,42,1.2154203858277655,0.962
1000,10,42,1.2154203858277655,0.962
1000,20,42,1.2154203858277655,0.962
1000,5,30,1.2155993730809214,0.9620764786420187
1000,None,40,1.2156829650153742,0.9609285714285714
1000,10,40,1.2156829650153742,0.9609285714285714
1000,20,40,1.2156829650153742,0.9609285714285714
80,None,2,1.21587343678761,0.9678571428571429
80,10,2,1.21587343678761,0.9678571428571429
80,20,2,1.21587343678761,0.9678571428571429
549,None,50,1.2160893001875974,0.9542024460057246
549,10,50,1.2160893001875974,0.9542024460057246
549,20,50,1.2160893001875974,0.9542024460057246
50,3,2,1.2164732308407364,1.0355775244565757
20,5,4,1.2167080147932232,0.9971088435374149
549,5,20,1.216863059005438,0.9696126945730976
1000,5,50,1.2170094657422352,0.9605438876062894
70,3,30,1.2171287196577705,1.0320344731417224
200,5,2,1.2172136444864234,0.9751924313383084
200,3,4,1.217275028554676,1.0203332105833314
1000,4,20,1.2173100314323302,0.986964065158455
549,4,4,1.2174889579998502,0.9790452424131745
60,3,2,1.2175701309408504,1.0448254788638265
70,3,2,1.2180301306268217,1.0421461024092744
200,5,42,1.2183616139292162,0.9651947750652321
40,5,40,1.218412101111581,0.9814973287294715
549,3,42,1.218471199039325,1.033889445152834
1000,None,2,1.218647933455059,0.9645
1000,10,2,1.218647933455059,0.9645
1000,20,2,1.218647933455059,0.9645
70,4,2,1.219044355547184,0.9885577381824348
1000,5,40,1.2192087005069803,0.9696344706970196
90,4,30,1.2193838061587812,0.9800640003131494
60,4,20,1.2194233920273694,0.9917618372421669
549,None,30,1.2194449440231216,0.9549830861306272
549,10,30,1.2194449440231216,0.9549830861306272
549,20,30,1.2194449440231216,0.9549830861306272
1000,5,2,1.219564890681874,0.9702354873904157
60,3,4,1.2197841637854574,1.0494121760694208
549,5,50,1.2200345863751119,0.9625366833540827
90,4,1,1.2200489781645685,0.9618312088432199
1000,4,10,1.220243642037218,0.9850531083911473
60,2,2,1.22114176323317,1.1006369715877127
200,None,2,1.2213378203546188,0.9746428571428571
200,10,2,1.2213378203546188,0.9746428571428571
200,20,2,1.2213378203546188,0.9746428571428571
200,5,10,1.2215115571224249,0.9631881766200533
30,4,30,1.2220840730685243,1.0027893888797859
90,4,2,1.2221885390297762,1.0005226203556348
100,4,1,1.2222142000746343,0.9640507977607673
549,None,40,1.2222642007827536,0.9663023679417121
549,10,40,1.2222642007827536,0.9663023679417121
549,20,40,1.2222642007827536,0.9663023679417121
100,None,2,1.222284161489697,0.9635714285714284
100,10,2,1.222284161489697,0.9635714285714284
100,20,2,1.222284161489697,0.9635714285714284
20,5,2,1.222505944941821,0.9185442253824608
10,3,2,1.2229382122809385,0.9235022548764782
100,4,2,1.2235780740384528,0.9948974900895876
200,None,42,1.2236574275507015,0.9639285714285715
200,10,42,1.2236574275507015,0.9639285714285715
200,20,42,1.2236574275507015,0.9639285714285715
60,None,2,1.2237724656238382,0.9571428571428573
60,10,2,1.2237724656238382,0.9571428571428573
60,20,2,1.2237724656238382,0.9571428571428573
1000,4,42,1.2237953541575015,0.9978558182634043
549,5,30,1.223936484954416,0.9623467526232403
10,1,40,1.2239726213800608,1.0982466472751575
80,4,2,1.2243522151307862,1.0054213136420305
20,None,30,1.224744871391589,0.9571428571428572
20,10,30,1.224744871391589,0.9571428571428572
20,20,30,1.224744871391589,0.9571428571428572
30,None,2,1.224809670993306,0.9142857142857145
30,10,2,1.224809670993306,0.9142857142857145
30,20,2,1.224809670993306,0.9142857142857145
10,5,30,1.2249653252167911,0.9467091836734696
80,4,42,1.2250320580910274,0.9837968674440434
70,5,2,1.225128597501684,0.9662365587260543
60,None,40,1.2258055336590736,0.9940476190476192
60,10,40,1.2258055336590736,0.9940476190476192
60,20,40,1.2258055336590736,0.9940476190476192
90,5,2,1.2261964964455376,0.9793083287446033
200,4,42,1.2263470768295262,0.9922710875201283
80,5,3,1.2271620216346688,0.9886062409657258
100,4,30,1.228363219796672,0.9828355194571675
90,5,3,1.2284751985605145,0.9952425845621267
549,5,40,1.2285370012655283,0.9804842663016375
200,3,3,1.2295087745891073,1.0447816312219513
80,5,2,1.2295928688329092,0.9849361555519642
80,4,1,1.230013264355378,0.9660979167709562
50,None,40,1.230690862889621,0.9985714285714286
50,10,40,1.230690862889621,0.9985714285714286
50,20,40,1.230690862889621,0.9985714285714286
1000,4,30,1.2308482768086895,0.9924674406170217
100,5,2,1.2309494229345705,0.9753060672987142
1000,None,1,1.2312350071603482,0.9670714285714287
1000,10,1,1.2312350071603482,0.9670714285714287
1000,20,1,1.2312350071603482,0.9670714285714287
80,3,30,1.2313084385426485,1.041987056422766
30,5,2,1.231887944291902,0.9341485312073546
90,4,3,1.2319438367319828,1.0180291811506248
549,4,20,1.23259993936589,1.0017162585847637
200,4,2,1.2326649192492272,1.0091541115393292
1000,4,2,1.2330574935185994,1.001415832826844
40,3,20,1.2331203245920788,1.0253138576770258
10,None,20,1.2331724476788661,0.8785714285714287
10,10,20,1.2331724476788661,0.8785714285714287
10,20,20,1.2331724476788661,0.8785714285714287
1000,4,4,1.2332751418290804,0.9891753939886693
90,3,42,1.233387864531891,1.050356252743602
549,5,5,1.2338452926887236,0.9764418446298003
1000,4,50,1.2338660426947419,0.9928601261902678
549,None,5,1.2338955654467314,0.9735883424408013
549,10,5,1.2338955654467314,0.9735883424408013
549,20,5,1.2338955654467314,0.9735883424408013
549,3,2,1.2339221899804018,1.0563753383042476
90,3,2,1.2343424087298516,1.060947347297461
20,5,30,1.23448504351145,0.9603784013605441
40,4,2,1.2347577033992128,0.9680854125399895
60,4,1,1.2349808276826324,0.9613174915693529
549,4,50,1.2356056870503889,0.9897435848280371
100,3,42,1.2358893577223111,1.0590954178749141
80,3,20,1.23642201205326,1.0489154158043772
200,3,40,1.2364976587228316,1.0596594013725056
70,2,2,1.2366244575593193,1.1177988327716386
549,4,30,1.236832123064303,0.9905866420308366
90,None,3,1.2369281230766194,0.9944444444444447
90,10,3,1.2369281230766194,0.9944444444444447
90,20,3,1.2369281230766194,0.9944444444444447
60,4,2,1.23724975802738,1.005026522832717
40,4,30,1.23744166972902,1.0088325333110455
200,5,1,1.237740284680731,0.9747496116227087
200,4,30,1.2381684548589493,0.9888816972068124
1000,5,1,1.238299766664675,0.9765899799488221
10,None,5,1.2383745106273096,0.9785714285714285
10,10,5,1.2383745106273096,0.9785714285714285
10,20,5,1.2383745106273096,0.9785714285714285
20,3,20,1.2386402876334963,1.0524317449259732
200,None,1,1.2391608623811288,0.9732142857142857
200,10,1,1.2391608623811288,0.9732142857142857
200,20,1,1.2391608623811288,0.9732142857142857
10,4,30,1.2394732276298506,0.9592998545572078
30,1,2,1.2394871749286236,1.1554195401077432
100,2,2,1.2395344465618645,1.1229326673409095
80,None,3,1.2398426599486614,0.9928571428571429
80,10,3,1.2398426599486614,0.9928571428571429
80,20,3,1.2398426599486614,0.9928571428571429
60,4,40,1.2399196912744759,1.0348406014363936
1000,4,40,1.240528079003403,1.0075169351680144
549,3,4,1.2405710733716289,1.0421995535221167
549,3,10,1.2410382324701976,1.042329680293585
30,4,42,1.241201876254086,0.9642868229052886
80,4,40,1.2414003702034313,1.030528042376661
100,5,3,1.2417510501788793,0.9991826118202
80,3,2,1.2420173859519894,1.0704051960635177
200,4,1,1.2420748044221857,1.0005352164849644
549,3,3,1.2421455146762816,1.0507290372064058
30,2,2,1.2421812986777385,1.1095923344031902
1000,4,1,1.2422206741219615,1.0020490119001881
1000,3,30,1.2423098413921627,1.047412076729254
10,5,5,1.2423710050889445,0.9828571428571428
50,2,2,1.2425020830325397,1.1133607987122136
1000,3,10,1.2428206401523956,1.04764877976079
100,3,2,1.242860102325992,1.0651482062092967
90,5,1,1.2429093121789252,0.9611872961435285
40,5,3,1.2429871606469385,0.9979257678285617
50,5,42,1.2433079109885532,0.9680177771963486
30,None,40,1.2433952493200808,0.9857142857142858
30,10,40,1.2433952493200808,0.9857142857142858
30,20,40,1.2433952493200808,0.9857142857142858
60,5,40,1.2434264791417666,1.0189651851791575
30,2,42,1.2435962731895591,1.1086312410923953
549,4,5,1.2436504411601217,1.0017134462459956
90,2,2,1.243713023576261,1.128737920868024
1000,3,3,1.2437696965491782,1.0498262172880375
50,4,40,1.2438386172217093,1.0310863577780942
50,None,42,1.2438879141052632,0.9514285714285714
50,10,42,1.2438879141052632,0.9514285714285714
50,20,42,1.2438879141052632,0.9514285714285714
549,4,40,1.244029241309233,1.0133891847658458
100,5,1,1.2442462099458302,0.9615566617672712
50,4,1,1.2442646609345624,0.9622244728363519
100,4,3,1.2445761749344415,1.0195821268377878
80,None,40,1.2447030626963662,1.0017857142857143
80,10,40,1.2447030626963662,1.0017857142857143
80,20,40,1.2447030626963662,1.0017857142857143
50,5,40,1.2448009888112646,1.011995482031196
200,3,42,1.2451534917920624,1.0535231397480673
100,None,1,1.2451907484397722,0.9571428571428573
100,10,1,1.2451907484397722,0.9571428571428573
100,20,1,1.2451907484397722,0.9571428571428573
20,None,2,1.2456352366793189,0.9178571428571429
20,10,2,1.2456352366793189,0.9178571428571429
20,20,2,1.2456352366793189,0.9178571428571429
1000,3,42,1.24568154675695,1.0579346877432652
90,None,1,1.2459635003047684,0.9547619047619047
90,10,1,1.2459635003047684,0.9547619047619047
90,20,1,1.2459635003047684,0.9547619047619047
70,4,1,1.2464811189317346,0.9823159202534758
40,4,3,1.2467311418077045,1.0212325489562182
90,3,30,1.2485135657874418,1.0544821315344546
1000,3,20,1.2487377960772172,1.0578242654308525
50,2,30,1.2488123039563088,1.149246403897595
70,None,40,1.2488770466106824,1.0091836734693875
70,10,40,1.2488770466106824,1.0091836734693875
70,20,40,1.2488770466106824,1.0091836734693875
50,5,3,1.2491524817135227,1.0018520552028616
80,3,42,1.2492069989408179,1.0612106788498796
20,4,30,1.249653587993736,0.9828175345071715
549,None,1,1.2498821756132996,0.9794431433775698
549,10,1,1.2498821756132996,0.9794431433775698
549,20,1,1.2498821756132996,0.9794431433775698
60,5,3,1.2499215183148609,1.0066029031452417
10,5,20,1.2501764822245147,0.9020451770451771
40,5,42,1.2504853680261994,0.9658728886853888
30,5,42,1.2507431056165714,0.9611756255208637
549,3,50,1.250951307084682,1.0495867336636224
1000,3,2,1.251304385407909,1.064536774956407
50,4,3,1.2513527989843753,1.0187818349607702
1000,3,50,1.2514097930719819,1.0541884524527603
100,None,3,1.2514791248758408,0.9985714285714286
100,10,3,1.2514791248758408,0.9985714285714286
100,20,3,1.2514791248758408,0.9985714285714286
80,4,3,1.251535787088679,1.0333146591195164
90,4,40,1.2519961792760521,1.0442096440370425
200,5,5,1.2525611819045435,1.0011516273170986
30,3,42,1.2526689986325779,1.0479348316173138
1000,3,4,1.2527717229781816,1.0487330797730319
80,2,2,1.2528739804770228,1.1345869808695566
549,3,30,1.2531075056903225,1.051855885055234
60,None,3,1.2532497439197507,1.0071428571428571
60,10,3,1.2532497439197507,1.0071428571428571
60,20,3,1.2532497439197507,1.0071428571428571
40,2,2,1.2533277547053174,1.1121261660926294
200,4,5,1.253516953732679,1.016499858310739
1000,3,5,1.2537378389747198,1.0566533666688938
100,3,30,1.2539656441648706,1.0541426143194461
60,5,2,1.2540090802389918,0.985777969307381
200,None,5,1.2541523887812496,0.9975000000000002
200,10,5,1.2541523887812496,0.9975000000000002
200,20,5,1.2541523887812496,0.9975000000000002
80,5,40,1.2545452548708438,1.0172867077619194
100,4,5,1.254702794904452,1.0004846051085725
30,1,4,1.2548933650337069,1.179598779840586
90,3,20,1.2549284422872058,1.0674132662406774
10,3,30,1.2552091521234434,0.988286186309935
100,5,40,1.255263042898526,1.016737006188604
70,None,42,1.255483598879489,0.9714285714285715
70,10,42,1.255483598879489,0.9714285714285715
70,20,42,1.255483598879489,0.9714285714285715
50,4,2,1.2555709703632372,1.0019868093920576
20,1,2,1.2555743964553912,1.1601478563246617
40,1,2,1.2559534717881546,1.1723507278679766
90,4,5,1.255968121895872,1.0059922555744414
90,5,40,1.2559730270573441,1.0246435367326137
80,5,1,1.2559753190333047,0.9658284475649233
100,4,40,1.2559838694839756,1.0404367638670318
90,None,40,1.2560014659783176,1.0166666666666664
90,10,40,1.2560014659783176,1.0166666666666664
90,20,40,1.2560014659783176,1.0166666666666664
200,2,42,1.256108908961085,1.1262872533262556
20,3,30,1.2561333929770204,1.0599724280956584
70,5,42,1.2566122055828959,0.9846904440958312
200,3,10,1.2572949139528946,1.065404620645331
200,3,2,1.2575668829591373,1.0825701829601273
50,4,42,1.2575852209726182,0.9996394044884396
549,4,1,1.257705485920461,1.0147066081120986
30,None,42,1.2583372753012994,0.9404761904761901
30,10,42,1.2583372753012994,0.9404761904761901
30,20,42,1.2583372753012994,0.9404761904761901
50,2,10,1.2583510896566465,1.14592312810529
60,5,1,1.2584309839080121,0.9681085650071998
90,2,42,1.2584731874224824,1.1331530877922593
10,2,3,1.258742099811392,1.117334094888816
40,2,10,1.2588743552725585,1.1437384021117165
40,None,3,1.2588969094296119,1.007142857142857
40,10,3,1.2588969094296119,1.007142857142857
40,20,3,1.2588969094296119,1.007142857142857
40,1,4,1.259044263361937,1.1912815704758286
549,5,1,1.2593700153964276,0.9914198170854075
70,4,40,1.2593826986778818,1.048210929073636
100,None,40,1.2594840213357215,1.012857142857143
100,10,40,1.2594840213357215,1.012857142857143
100,20,40,1.2594840213357215,1.012857142857143
60,None,1,1.2595823192819193,0.961904761904762
60,10,1,1.2595823192819193,0.961904761904762
60,20,1,1.2595823192819193,0.961904761904762
70,5,3,1.2597318484464204,1.0068935270900814
40,4,42,1.2598960621533029,0.9953638794616574
50,1,2,1.2609989241800992,1.1734641267827588
40,None,42,1.261005126306562,0.9517857142857143
40,10,42,1.261005126306562,0.9517857142857143
40,20,42,1.261005126306562,0.9517857142857143
60,5,42,1.2612419620298023,0.9869007562070414
70,4,42,1.2616772096271935,1.0140671896096496
80,None,1,1.2619341023093988,0.9660714285714287
80,10,1,1.2619341023093988,0.9660714285714287
80,20,1,1.2619341023093988,0.9660714285714287
50,None,3,1.2620391662475683,1.0085714285714285
50,10,3,1.2620391662475683,1.0085714285714285
50,20,3,1.2620391662475683,1.0085714285714285
40,None,2,1.2624557983775682,0.9517857142857141
40,10,2,1.2624557983775682,0.9517857142857141
40,20,2,1.2624557983775682,0.9517857142857141
100,2,42,1.2625394217873582,1.138295852699271
200,2,40,1.2626600834291484,1.1443159828012368
40,3,40,1.2628316650959224,1.0821315014910333
70,5,1,1.263063178895447,0.9765250285095722
70,3,20,1.263108302676326,1.0652589236103391
549,2,42,1.2634360833397078,1.1403776518296138
1000,3,1,1.2639510185481733,1.0667913392886492
50,None,2,1.2639620247459968,0.9657142857142856
50,10,2,1.2639620247459968,0.9657142857142856
50,20,2,1.2639620247459968,0.9657142857142856
70,5,40,1.2640063150952348,1.0310050226705705
90,5,5,1.2641835402571338,1.000693555069206
1000,3,40,1.264435006962382,1.0716857772784376
50,3,3,1.2646374458588814,1.0751579801388012
100,2,30,1.2650120927582533,1.1415215491681452
40,3,3,1.2654369852125729,1.079789457451362
50,5,1,1.2654378177549075,0.9698382712059184
80,2,42,1.2655608213606666,1.1389822704039372
60,1,2,1.2659275253191522,1.183970936502314
70,None,1,1.2659593442225898,0.9734693877551021
70,10,1,1.2659593442225898,0.9734693877551021
70,20,1,1.2659593442225898,0.9734693877551021
200,3,30,1.2659686579312233,1.0620535244284235
549,3,40,1.2668886384653355,1.077460430229403
60,None,42,1.2669094378879353,0.9773809523809524
60,10,42,1.2669094378879353,0.9773809523809524
60,20,42,1.2669094378879353,0.9773809523809524
60,2,10,1.2670072340603875,1.1404626490082175
60,4,3,1.2671198890647835,1.0426371962066125
200,3,1,1.2678001808347823,1.0699207104370705
90,3,3,1.2682568563865377,1.089486339985986
10,4,2,1.2682797496254987,0.9273214285714287
60,2,30,1.2685263207513542,1.1527674679154798
70,None,3,1.2689381709258545,1.0122448979591836
70,10,3,1.2689381709258545,1.0122448979591836
70,20,3,1.2689381709258545,1.0122448979591836
40,5,2,1.2695686412510094,0.9666828269769446
100,2,40,1.2695987668299695,1.1557470784696255
200,3,20,1.2699322648546978,1.0781409219557179
50,None,1,1.2701743412393658,0.9671428571428571
50,10,1,1.2701743412393658,0.9671428571428571
50,20,1,1.2701743412393658,0.9671428571428571
549,3,20,1.270240240777334,1.0753038563624302
80,2,30,1.2702544534278457,1.1459049535939507
100,3,20,1.270771585544728,1.078055378597363
30,5,40,1.2708552184626054,1.0058191896287136
80,3,3,1.2712056732340762,1.0888259457532723
90,2,40,1.271565463121122,1.1559294148350652
30,2,30,1.2718134813206357,1.1682548119586518
10,3,20,1.2721766708994413,1.0383787444386294
90,2,10,1.2723185314312249,1.1515033523393732
80,2,40,1.273283343650505,1.156618717695558
100,5,5,1.273782976554904,1.0021083265464126
20,1,40,1.2739022701162925,1.1836207331683628
50,2,3,1.274156486563393,1.1581730629047882
20,5,3,1.2746774469813187,1.0558749200108648
70,1,2,1.2747333694829657,1.1966231832609595
90,2,30,1.27552807128409,1.1480460618279655
100,3,1,1.275590367035138,1.064607470688016
549,3,5,1.2760607966270425,1.0769683963679229
20,None,40,1.2760849725401742,1.0321428571428573
20,10,40,1.2760849725401742,1.0321428571428573
20,20,40,1.2760849725401742,1.0321428571428573
90,None,5,1.2762654957023174,0.9999999999999998
90,10,5,1.2762654957023174,0.9999999999999998
90,20,5,1.2762654957023174,0.9999999999999998
30,4,40,1.276592426882282,1.0313623807885595
50,1,3,1.2773665913192103,1.1931315536279643
70,2,10,1.2776490697051028,1.1587197448052027
70,4,3,1.2780917914456895,1.0466425996725606
60,3,3,1.278417521300201,1.0964594894367836
80,2,10,1.2784940321478189,1.1554859535149855
100,3,3,1.2788014602955449,1.0924969674401577
200,3,5,1.279047074142073,1.0879939766985098
50,3,20,1.279628806642205,1.0655353806216628
10,1,10,1.279657114160177,1.2175485585531862
200,2,2,1.2798767166877685,1.1636103669046223
10,1,30,1.279882977072496,1.1878480918113985
80,2,20,1.2799519459869957,1.1368885094378052
80,4,5,1.2802035964678704,1.020906685206603
60,4,42,1.280332671883743,1.0248552276460903
100,None,5,1.2803877760830338,0.9964285714285717
100,10,5,1.2803877760830338,0.9964285714285717
100,20,5,1.2803877760830338,0.9964285714285717
40,2,50,1.2804151608984198,1.150505115753399
70,2,30,1.2804531418938492,1.1546193772566162
100,1,2,1.2807392454333248,1.201543793013482
549,3,1,1.28087915414485,1.0797454416593049
100,2,10,1.2816771291916007,1.161398573107789
40,4,1,1.2820057710168007,0.9810993704802902
80,2,4,1.2821171300056111,1.1684576243634341
90,3,1,1.2822524892154332,1.0712401852488533
50,3,40,1.2829352289708793,1.1071880624761288
60,3,20,1.28359965411781,1.079261555467911
50,5,2,1.2837322028263982,0.9882192774545716
200,2,3,1.2843290784679418,1.1629829379268433
70,2,50,1.2846333978212832,1.16091418398417
70,2,4,1.2880598418368756,1.1770495926459532
70,4,5,1.2881638582667063,1.0304715501655488
100,3,40,1.2882252359255886,1.1110400851650393
80,5,5,1.2882407777357574,1.0160927494528569
70,3,42,1.2885154816085218,1.0967274696875762
40,2,40,1.2885272866188495,1.1620428151948476
10,5,2,1.288617700086371,0.9259803921568627
549,2,3,1.2887122306444123,1.1638260790875086
80,3,1,1.2891529512111066,1.0717794119049722
70,2,42,1.289384933727651,1.1688757789005648
90,2,4,1.2913098007573707,1.1702753042519944
100,3,5,1.2914112295440934,1.0848696177949688
40,2,30,1.2914672728496446,1.1787125509027006
80,1,30,1.291556445494796,1.2092408718196344
70,3,3,1.2916165224536407,1.103778459782376
30,1,5,1.292110401687048,1.219075995095721
50,2,40,1.292186964463684,1.164906301339395
549,2,2,1.29221570565549,1.1727143638363253
70,3,1,1.2928655035332943,1.0790165806150793
10,2,30,1.29318713073221,1.1270607982951468
100,2,50,1.293218901214702,1.1748862981794517
60,3,1,1.293307362107061,1.0672976972477703
40,2,3,1.2933089878027322,1.1727527400288371
80,1,2,1.2934100623811924,1.2103963287714754
90,2,20,1.2937868557453664,1.153393013530622
70,2,40,1.294294463155517,1.172687583098406
80,3,40,1.2945059271939146,1.113776583183854
20,4,3,1.2947530681280928,1.091348595367362
60,3,40,1.2956230031945357,1.1209559331840842
90,1,30,1.2956887562247106,1.2138911292671757
50,2,1,1.2957954790322537,1.1498255487872175
1000,2,42,1.2959500919862472,1.1678761326800584
90,1,2,1.296422700996441,1.217344219105348
90,3,40,1.29645402819191,1.1202796571080822
40,1,5,1.2966967586160565,1.2209855637706446
30,3,40,1.2967845208848174,1.1015825790269407
50,2,50,1.2973745895472315,1.1658763940220618
60,2,42,1.2975284672871747,1.1747795730280732
20,2,3,1.297619604244191,1.166101771372135
20,2,2,1.2977295327649188,1.1452543930122359
40,3,42,1.2978245268642519,1.1014143762414557
40,2,42,1.2983864647065837,1.1587765544997015
90,3,5,1.2986170200766471,1.0972014133396941
60,1,42,1.2986552257593422,1.2181073354612852
60,2,50,1.2987402062743452,1.165774346162775
200,1,42,1.2988525854772044,1.2127316858388935
30,5,3,1.2989246429635757,1.0492184840888756
50,2,42,1.2991724703205487,1.167175647334016
40,2,1,1.2991966937813524,1.1433942633322722
20,2,4,1.299201531166993,1.1668526003384667
30,1,30,1.299587966961864,1.2304828622827333
200,1,40,1.2996167056583907,1.2207889706500814
60,3,42,1.2996213542410635,1.109032358886175
60,2,3,1.30041068106879,1.1850146020652537
200,1,3,1.3004311819853822,1.2203431480437803
549,2,30,1.3005489956466425,1.174274460182367
1000,2,3,1.3009546001224832,1.1736740326879413
30,1,50,1.3011287860737264,1.2006609179091523
549,1,42,1.3011346708098486,1.222481134488185
100,1,40,1.3014158007385719,1.22697557344053
1000,2,30,1.3017341106399987,1.1761359711740345
549,2,10,1.301797893774419,1.1639994287099449
80,None,5,1.302097380876605,1.01875
80,10,5,1.302097380876605,1.01875
80,20,5,1.302097380876605,1.01875
100,1,42,1.3022139393117764,1.2213686112981517
70,1,4,1.302275121466867,1.2250601494499045
100,2,20,1.3022908650866811,1.1608208833119258
1000,2,5,1.3023758640888163,1.1680031098584027
200,2,30,1.3028577208956709,1.1763717905382471
40,2,4,1.3031462217076453,1.187026364477964
70,1,30,1.3033095570089321,1.2199473288815343
549,1,2,1.3033324613142845,1.2322905199536174
80,1,42,1.3034925884206254,1.2184645146629127
20,5,40,1.3035596387550579,1.052965367965368
1000,2,2,1.3036403803650543,1.1773712525876439
30,2,20,1.3037367429197904,1.127008695271644
50,3,42,1.303755933934812,1.1124746670492465
90,1,40,1.3038167910632632,1.2278840792207932
80,2,50,1.3043107632096862,1.1795260170575192
20,2,42,1.3045979397361962,1.1493998596149144
20,2,50,1.304661767940407,1.1762936426357775
40,1,50,1.305234405508932,1.2151822365245348
90,2,50,1.3056857029075764,1.17912225419196
1000,2,10,1.305819976043402,1.1705433027202965
60,2,1,1.3059192573993945,1.1604283485856282
10,2,50,1.3060045402573706,1.103714880827903
60,2,40,1.3060684989522182,1.1826330285903488
30,None,3,1.3062730213662097,1.0523809523809524
30,10,3,1.3062730213662097,1.0523809523809524
30,20,3,1.3062730213662097,1.0523809523809524
549,1,30,1.3070031590402096,1.2324697448045911
20,2,20,1.3075560668188797,1.1435873547693725
70,1,50,1.3075760850160303,1.2221895494871087
80,1,4,1.3076676267757097,1.23085129072086
549,1,3,1.3076796302614726,1.2281908687266816
40,5,1,1.3079137777464096,0.9898573628169218
1000,2,50,1.3079508480256772,1.1784478883595884
60,4,5,1.3083389775544123,1.0330506250279838
20,3,3,1.3083727921516575,1.1193375678358217
30,4,3,1.30854541420801,1.077518000197178
200,2,20,1.3088677698173783,1.1774011286688157
60,1,3,1.3091828910957797,1.222605751550094
20,1,50,1.3091890253783076,1.225365679031658
100,2,4,1.3093749644031445,1.1861433391419414
50,3,1,1.309378068123297,1.0752959056388192
30,3,3,1.3096222703947409,1.111434129209526
200,2,50,1.3099150776617565,1.1902666858950641
90,1,42,1.3099604261782114,1.2273811865794464
1000,2,20,1.3101770462028353,1.1793296777196143
10,3,4,1.3102390350904014,1.0873209679524138
50,1,4,1.31037259589474,1.2293381823528218
90,1,4,1.3105037943422981,1.2305012068519634
549,1,10,1.3105120406977837,1.2265908072494949
100,1,3,1.310795464444109,1.2308643714604786
60,1,4,1.311467256242243,1.231621668259884
1000,1,30,1.3114953305905663,1.232793732073929
50,1,42,1.311932640293944,1.2145885088650843
1000,1,50,1.3121199086512394,1.231399425678047
100,1,30,1.3122050174912034,1.2312937122560332
70,2,20,1.312458905748431,1.1552288032271132
70,5,5,1.3125517757407525,1.0392760674019044
70,1,42,1.3126736310305982,1.2304684144625324
549,1,1,1.3129283145581776,1.2308854245771153
100,1,50,1.3133314019964815,1.235767461701976
100,1,10,1.3135822843022462,1.2406146476757536
70,3,40,1.314014573574346,1.1354553890853865
100,2,1,1.3140685323453662,1.176164517678841
1000,1,42,1.3140763877398114,1.2337517047426538
200,2,1,1.314324409383797,1.1826621873158396
30,2,4,1.3144938462394624,1.1867054735540112
549,1,50,1.3146694572609605,1.2297441154456934
1000,2,40,1.314790334195627,1.183954927744258
90,2,1,1.3151843297065728,1.180890425832332
200,1,1,1.3152228055036912,1.2383887897768002
1000,1,2,1.3153834659785342,1.2395523142454121
10,2,5,1.3159885431291491,1.1480798931581315
80,1,40,1.3160365514004773,1.2366373969285362
10,None,2,1.3161089837634485,0.9214285714285715
10,10,2,1.3161089837634485,0.9214285714285715
10,20,2,1.3161089837634485,0.9214285714285715
50,2,4,1.317043786610582,1.1956492632215154
10,None,4,1.317193987231949,1.0071428571428571
10,10,4,1.317193987231949,1.0071428571428571
10,20,4,1.317193987231949,1.0071428571428571
50,1,50,1.3173122943455475,1.2325131326308856
100,1,4,1.3174590713517642,1.2369594452789874
30,2,1,1.3175298859096394,1.143799187039641
200,1,2,1.31796749545864,1.2405168216527085
1000,2,4,1.3182274520615744,1.1783963368810721
200,1,10,1.318418578948055,1.2411116022697715
40,1,3,1.3190252504860576,1.228283547598973
200,1,5,1.3190460809821893,1.231159258678551
1000,1,5,1.3192636903164494,1.2304012168772753
40,1,1,1.3195689459172135,1.2345212217139283
549,1,5,1.3195710194590144,1.2283463887096318
60,1,50,1.3196250011417558,1.2367363426228764
20,None,3,1.319699641152161,1.0892857142857144
20,10,3,1.319699641152161,1.0892857142857144
20,20,3,1.319699641152161,1.0892857142857144
70,1,40,1.319759035316579,1.2365237734778727
549,2,5,1.320238566389939,1.179552434338969
60,2,4,1.3204849190869454,1.1990413339775594
40,1,42,1.3206476547219645,1.2226433938441137
1000,1,10,1.3213390337252786,1.2361861178667586
30,1,42,1.3214145891939042,1.221780051483594
30,1,40,1.3214274011029923,1.2432458187761137
549,2,50,1.3214793710307833,1.1843267252072145
1000,1,3,1.3214857724779554,1.2381663144950266
90,1,50,1.3216243153217597,1.234690173244228
70,None,5,1.3218063442357233,1.0367346938775508
70,10,5,1.3218063442357233,1.0367346938775508
70,20,5,1.3218063442357233,1.0367346938775508
200,1,50,1.3226873411678473,1.2438937849025269
549,2,40,1.322715706207907,1.1909142993747988
80,2,3,1.3228719028413671,1.204387160924165
30,1,10,1.3230510223759477,1.2596064607087405
549,2,20,1.3233532710946354,1.1859942660941953
200,2,4,1.3233933206432296,1.181530198102616
1000,1,40,1.3242445164381291,1.2411495686116871
90,1,10,1.3243471658213561,1.2470005024501967
30,1,1,1.324492823388894,1.2329926742180104
100,2,3,1.3245799843511359,1.2057659479516631
50,1,40,1.3246247486615272,1.2385989158658766
80,2,1,1.324717857616787,1.1859794134670207
549,2,1,1.3252720979053727,1.1885027527742416
549,1,40,1.3254656704312813,1.2431606873508412
80,3,5,1.325539720063024,1.1167339016498068
100,1,1,1.3259905266967458,1.2531765367055425
60,1,1,1.3260256642186752,1.2482635611405384
1000,1,20,1.326218865367997,1.2435175080864294
1000,2,1,1.3263442801487966,1.1911224721193654
10,3,3,1.3263758190308983,1.092107738698515
200,2,10,1.3267085477822549,1.1907241125101764
30,2,50,1.326951696882452,1.1713418558818363
1000,1,1,1.3271886188077187,1.2444418457027562
50,4,5,1.327561375267733,1.0582236012610282
10,4,4,1.3280108483078854,1.0196251530640306
90,1,1,1.328319369737702,1.2533304031667296
90,1,5,1.3284158180939818,1.2434176797058014
60,2,20,1.3284918237227805,1.161163188696582
90,1,3,1.3286171406900176,1.2445492910311289
90,2,3,1.32884644047091,1.2103944833376488
100,1,5,1.3288907525990703,1.2417955847279203
200,1,30,1.3292167516876428,1.251923010658606
70,2,3,1.3294546643613157,1.2066252853007242
80,1,3,1.329530393064771,1.2418451163953077
10,5,10,1.3297973248202926,0.9956845238095239
70,1,3,1.3298440405737166,1.2378206444678554
70,2,1,1.329849446765385,1.1901351484982576
30,2,40,1.3300161735294271,1.2026988548921227
200,1,4,1.3303373185642433,1.2395743266605648
60,5,5,1.330457001900244,1.036238745302222
100,2,5,1.330752213347728,1.1878968595676216
50,1,30,1.3308659304114758,1.249069936135894
30,1,3,1.3308832352726714,1.2353184635946381
40,None,1,1.3313023966885102,0.9982142857142858
40,10,1,1.3313023966885102,0.9982142857142858
40,20,1,1.3313023966885102,0.9982142857142858
30,5,1,1.3313382517649017,0.9963971186765305
60,1,40,1.3314856506682973,1.2494340083574562
80,1,50,1.3326011094303114,1.2428048439552768
60,1,30,1.3329266794146528,1.247389952896045
10,3,10,1.3330055765235875,1.0802408070571687
50,1,1,1.333221407726036,1.2483202940554656
200,2,5,1.3334642905085101,1.2022916150191472
80,1,1,1.333580917334029,1.2577910286021685
40,3,1,1.3340251662526297,1.0768940220088055
10,2,42,1.3348670839720673,1.1818482380176896
40,2,20,1.33518556168068,1.1508655747863308
30,2,3,1.335231140503033,1.193688182199232
549,2,4,1.3352798076400205,1.1942004232063443
1000,1,4,1.3362185658116967,1.2483334340191838
20,4,40,1.3364797792254355,1.0856005191609692
40,1,40,1.336531434701969,1.2514766722637716
50,2,20,1.336676326046522,1.1656202008080734
20,4,42,1.3373696065618996,1.0434128179865418
20,2,30,1.337985393213129,1.2243954465605975
10,None,10,1.3381757305056334,0.992857142857143
10,10,10,1.3381757305056334,0.992857142857143
10,20,10,1.3381757305056334,0.992857142857143
549,1,20,1.338280940816532,1.2552686113945073
549,1,4,1.3385726868353214,1.2513945935124853
80,1,10,1.3397522635918466,1.2611659824271395
20,5,42,1.3408640189877914,1.028697962090819
80,1,5,1.3416761758403584,1.2571571300124513
60,None,5,1.342742100779725,1.0345238095238096
60,10,5,1.342742100779725,1.0345238095238096
60,20,5,1.342742100779725,1.0345238095238096
40,1,30,1.3427736159080397,1.2586825666993948
90,2,5,1.3436253985107682,1.2041145165169316
70,1,1,1.3455767400986582,1.2623041327868558
50,1,10,1.345682354947508,1.2736196888753415
60,3,5,1.347004941544122,1.130939180419649
70,3,5,1.3470245439003348,1.136088713594646
20,1,10,1.348361711698293,1.2822001989138787
30,4,1,1.3488702008758355,1.005817679158906
20,3,40,1.3495456828126964,1.1592768017567086
10,1,2,1.3497561387580888,1.1689035553953138
10,5,4,1.3504708173712712,1.0142857142857145
100,1,20,1.3504883250437818,1.259734428622647
60,1,10,1.3526470841867215,1.274267394992457
40,1,10,1.35314313592485,1.285576611961877
20,3,42,1.3535619107912218,1.1148830772870526
60,1,5,1.3537829961237955,1.270470348193058
90,1,20,1.35479703659777,1.262357629231995
20,4,5,1.3559218677968783,1.0947741874527588
20,1,3,1.3564718954547814,1.2671158223861383
50,1,5,1.356600793514535,1.2747898352080913
20,None,42,1.3586363962233814,1.0178571428571428
20,10,42,1.3586363962233814,1.0178571428571428
20,20,42,1.3586363962233814,1.0178571428571428
40,4,5,1.3586468565128667,1.0750178392190348
10,5,3,1.3607395298469702,1.0420195702914594
80,1,20,1.360800953783496,1.2631466357681584
30,None,1,1.3612261046337997,1.0023809523809522
30,10,1,1.3612261046337997,1.0023809523809522
30,20,1,1.3612261046337997,1.0023809523809522
20,1,5,1.3613833714475512,1.2701772305034627
70,1,10,1.361468382287071,1.2839641585494195
20,2,1,1.3622101753330105,1.1755388551097756
70,1,5,1.3629678677925328,1.2797685423037304
10,1,5,1.3642753785646167,1.2586687700703396
20,5,1,1.3644588156093016,1.0278641456582631
20,4,1,1.3650253993449992,1.0215787320874665
50,5,5,1.3665282512744974,1.0771965783962796
20,1,42,1.366851636867185,1.2693529984949843
10,1,50,1.3669265195775135,1.248385112621363
10,2,40,1.3671461301490644,1.1247320322107137
30,4,5,1.3696434494108753,1.0933344432217518
200,1,20,1.370149410596909,1.2849434708867915
10,1,3,1.3708592957367913,1.2544780955697632
50,None,5,1.371578860812812,1.0699999999999998
50,10,5,1.371578860812812,1.0699999999999998
50,20,5,1.371578860812812,1.0699999999999998
30,3,1,1.3742311805787508,1.0863143778959943
20,1,30,1.3763796925503773,1.3005441792646526
10,2,1,1.3777098389121836,1.159632591737055
10,4,10,1.3784662315644347,1.1126845877239784
50,3,5,1.3787035823388851,1.1631239951923191
20,None,1,1.3791819521523827,1.0214285714285714
20,10,1,1.3791819521523827,1.0214285714285714
20,20,1,1.3791819521523827,1.0214285714285714
20,1,1,1.3806703165822536,1.2658693161133587
80,2,5,1.3807478960172708,1.234979824641353
20,3,5,1.3830349962169994,1.1848463102048277
20,2,40,1.3834612328927998,1.2394095284505948
70,1,20,1.3845549475930257,1.2847462266040819
10,1,1,1.3864399061066635,1.248919646293596
60,1,20,1.3914905019494268,1.2848704991524733
50,1,20,1.392541904927483,1.2849520379109687
10,2,2,1.3931922682961912,1.1325854145854144
10,None,40,1.394120306347852,1.05
10,10,40,1.394120306347852,1.05
10,20,40,1.394120306347852,1.05
30,3,5,1.3951629000990788,1.1823853807336355
40,5,5,1.3951744543689093,1.0942948426432084
40,None,5,1.3954965834016628,1.0821428571428573
40,10,5,1.3954965834016628,1.0821428571428573
40,20,5,1.3954965834016628,1.0821428571428573
30,2,5,1.3955191600260302,1.260030562940525
10,2,4,1.3996933076459612,1.2324418064165654
10,None,42,1.4002550788032464,1.0642857142857143
10,10,42,1.4002550788032464,1.0642857142857143
10,20,42,1.4002550788032464,1.0642857142857143
10,4,3,1.40078667477415,1.0838409842845327
30,5,5,1.401956300245784,1.1205372405372407
40,1,20,1.4028990936494619,1.2843582053880092
40,3,5,1.4036748585225096,1.1821277459634456
20,5,5,1.4045002256843844,1.1064010989010986
30,None,5,1.4047538337136987,1.1095238095238096
30,10,5,1.4047538337136987,1.1095238095238096
30,20,5,1.4047538337136987,1.1095238095238096
20,3,1,1.4112786981800298,1.1177568558052866
70,2,5,1.4152886564357223,1.2623613127578888
20,None,5,1.416799713640368,1.1178571428571429
20,10,5,1.416799713640368,1.1178571428571429
20,20,5,1.416799713640368,1.1178571428571429
20,2,5,1.4178369998291485,1.2662759954387348
40,2,5,1.422482480360201,1.2764470899046105
10,2,20,1.4232763312968193,1.1961150508605076
10,None,3,1.4242792663559447,1.0857142857142856
10,10,3,1.4242792663559447,1.0857142857142856
10,20,3,1.4242792663559447,1.0857142857142856
60,2,5,1.424952773840544,1.262343878884994
10,3,40,1.4262157921311787,1.1433004304124992
30,1,20,1.4286375624581915,1.296149428203232
10,4,40,1.4300442241933289,1.11100439499057
20,1,20,1.4418939774561608,1.313441395732667
50,2,5,1.4424061246042656,1.2803560351516363
10,5,40,1.4428260371025028,1.0868831168831172
10,5,42,1.4462673165060638,1.1070238095238092
10,1,20,1.4604097981496045,1.2933185790136108
10,3,42,1.4665088933581552,1.203704536149788
10,1,42,1.4808057361072815,1.3655729309856892
10,None,1,1.489726724700109,1.0642857142857143
10,10,1,1.489726724700109,1.0642857142857143
10,20,1,1.489726724700109,1.0642857142857143
10,4,1,1.4910141373563561,1.080502952507263
10,4,42,1.5002532045996615,1.1524177652979328
10,5,1,1.508123586080011,1.086904761904762
10,3,1,1.511137122822356,1.155506519010214
